Channel,KPI,Target,Tool
SEO & Content Marketing,Organic Traffic Growth,25% MoM growth,Google Analytics
SEO & Content Marketing,Keyword Rankings,Top 10 for 50 keywords,SEMrush
SEO & Content Marketing,Content Engagement,3min avg. time on page,Google Search Console
Social Media Marketing,Engagement Rate,4.5% avg engagement,Hootsuite
Social Media Marketing,Follower Growth,15% MoM growth,Sprout Social
Social Media Marketing,Brand Mentions,100 mentions/month,Brand24
Paid Advertising,CAC,<$50 CAC,Google Ads
Paid Advertising,ROAS,4:1 ROAS,Facebook Ads Manager
Paid Advertising,CTR,2.5% CTR,Microsoft Clarity
Email Marketing,Open Rate,25% open rate,Loops
Email Marketing,Click Rate,3.5% click rate,Campaign Monitor
Email Marketing,Conversion Rate,8% conversion,Mixpanel
