Channel,KPI,Target,Tool,Indian_Focus
SEO & Content Marketing,Organic Traffic Growth,30% MoM growth (higher for Indian market),Google Analytics,"Vernacular content, regional SEO, mobile-first indexing"
SEO & Content Marketing,Hindi+English Keyword Rankings,Top 10 for 75 keywords,Ahrefs (better for Indian market),"Vernacular content, regional SEO, mobile-first indexing"
SEO & Content Marketing,Content Engagement,4min avg. time on page,Google Search Console,"Vernacular content, regional SEO, mobile-first indexing"
Social Media Marketing,Engagement Rate,5.5% avg engagement (higher in India),Socialbakers,"Instagram Reels, YouTube Shorts, WhatsApp Status marketing"
Social Media Marketing,Follower Growth,20% MoM growth,Hootsuite,"Instagram Reels, YouTube Shorts, WhatsApp Status marketing"
Social Media Marketing,WhatsApp Business Reach,"10,000 WhatsApp contacts",WhatsApp Business API,"Instagram Reels, YouTube Shorts, WhatsApp Status marketing"
Paid Advertising,CAC (Customer Acquisition Cost),"<₹2,000 CAC (lower for Indian market)",Google Ads,"Mobile-first campaigns, regional language ads, festival marketing"
Paid Advertising,ROAS,5:1 ROAS,Facebook Ads Manager,"Mobile-first campaigns, regional language ads, festival marketing"
Paid Advertising,CTR,3.2% CTR,YouTube Ads,"Mobile-first campaigns, regional language ads, festival marketing"
Email + WhatsApp Marketing,WhatsApp Open Rate,85% WhatsApp open rate,WhatsApp Business API,"WhatsApp integration, regional language support"
Email + WhatsApp Marketing,Email Open Rate,22% email open rate,Mailchimp,"WhatsApp integration, regional language support"
Email + WhatsApp Marketing,Conversion Rate,12% conversion,Clevertap,"WhatsApp integration, regional language support"
