Channel,amount,percentage,priority,focus
SEO & Content Marketing,178500,25,High,Hindi + English content
Social Media Marketing,142800,20,High,"Instagram, YouTube, WhatsApp Business"
Paid Advertising,128520,18,Medium,"Google Ads, Facebook, YouTube"
Email Marketing,107100,15,Medium,WhatsApp + traditional email
Analytics & Tools,71400,10,High,Indian analytics tools + global tools
Influencer & Partnerships,57120,8,Medium,"Educational YouTubers, college partnerships"
Experimental/Testing,28560,4,Medium,Regional platforms testing
