{
  "startup_profile": {
    "company_name": "StudySync",
    "tagline": "AI-Powered Personalized Learning for Every Indian Student",
    "industry": "EdTech",
    "target_audience": {
      "primary": "College students (18-24 years) - Tier 1, 2, 3 cities",
      "secondary": "Class 11-12 students preparing for JEE/NEET/Board exams",
      "tertiary": "Working professionals seeking upskilling and certification",
      "quaternary": "Rural and semi-urban students seeking affordable education"
    },
    "business_model": "Freemium SaaS with Indian pricing",
    "revenue_streams": [
      "Premium subscriptions (₹499/month - affordable for Indian market)",
      "Annual plans (₹3,999/year - 33% discount)",
      "Institutional licenses for colleges and coaching centers",
      "AI tutoring add-ons (₹299/month)",
      "Course marketplace commission (15%)",
      "Corporate training packages"
    ],
    "funding_stage": "Seed (Recently raised ₹15 crores)",
    "team_size": 25,
    "monthly_budget": "₹42,00,000 (42 lakhs)",
    "marketing_budget": "₹7,14,000 (17% of total budget - industry standard for Indian EdTech startups)"
  },
  "budget_allocation": {
    "SEO & Content Marketing": {
      "amount": 178500,
      "percentage": 25,
      "priority": "High",
      "focus": "Hindi + English content"
    },
    "Social Media Marketing": {
      "amount": 142800,
      "percentage": 20,
      "priority": "High",
      "focus": "Instagram, YouTube, WhatsApp Business"
    },
    "Paid Advertising": {
      "amount": 128520,
      "percentage": 18,
      "priority": "Medium",
      "focus": "Google Ads, Facebook, YouTube"
    },
    "Email Marketing": {
      "amount": 107100,
      "percentage": 15,
      "priority": "Medium",
      "focus": "WhatsApp + traditional email"
    },
    "Analytics & Tools": {
      "amount": 71400,
      "percentage": 10,
      "priority": "High",
      "focus": "Indian analytics tools + global tools"
    },
    "Influencer & Partnerships": {
      "amount": 57120,
      "percentage": 8,
      "priority": "Medium",
      "focus": "Educational YouTubers, college partnerships"
    },
    "Experimental/Testing": {
      "amount": 28560,
      "percentage": 4,
      "priority": "Medium",
      "focus": "Regional platforms testing"
    }
  },
  "kpis": {
    "SEO & Content Marketing": {
      "primary_kpis": [
        "Organic Traffic Growth",
        "Hindi+English Keyword Rankings",
        "Content Engagement"
      ],
      "targets": [
        "30% MoM growth (higher for Indian market)",
        "Top 10 for 75 keywords",
        "4min avg. time on page"
      ],
      "tools": [
        "Google Analytics",
        "Ahrefs (better for Indian market)",
        "Google Search Console"
      ],
      "indian_focus": "Vernacular content, regional SEO, mobile-first indexing"
    },
    "Social Media Marketing": {
      "primary_kpis": [
        "Engagement Rate",
        "Follower Growth",
        "WhatsApp Business Reach"
      ],
      "targets": [
        "5.5% avg engagement (higher in India)",
        "20% MoM growth",
        "10,000 WhatsApp contacts"
      ],
      "tools": [
        "Socialbakers",
        "Hootsuite",
        "WhatsApp Business API"
      ],
      "indian_focus": "Instagram Reels, YouTube Shorts, WhatsApp Status marketing"
    },
    "Paid Advertising": {
      "primary_kpis": [
        "CAC (Customer Acquisition Cost)",
        "ROAS",
        "CTR"
      ],
      "targets": [
        "<₹2,000 CAC (lower for Indian market)",
        "5:1 ROAS",
        "3.2% CTR"
      ],
      "tools": [
        "Google Ads",
        "Facebook Ads Manager",
        "YouTube Ads"
      ],
      "indian_focus": "Mobile-first campaigns, regional language ads, festival marketing"
    },
    "Email + WhatsApp Marketing": {
      "primary_kpis": [
        "WhatsApp Open Rate",
        "Email Open Rate",
        "Conversion Rate"
      ],
      "targets": [
        "85% WhatsApp open rate",
        "22% email open rate",
        "12% conversion"
      ],
      "tools": [
        "WhatsApp Business API",
        "Mailchimp",
        "Clevertap"
      ],
      "indian_focus": "WhatsApp integration, regional language support"
    }
  },
  "implementation_plan": {
    "Week 1": {
      "focus": "Foundation & Localization",
      "activities": [
        "Set up Google Analytics with Hindi/regional language tracking",
        "Create WhatsApp Business profile and Instagram/YouTube channels",
        "Launch bilingual content calendar (Hindi + English)",
        "Set up email + WhatsApp marketing automation",
        "Begin partnerships with educational YouTubers and college ambassadors"
      ],
      "budget_allocation": "25% (₹1,78,500)",
      "expected_outcomes": "Localized analytics setup, Bilingual content foundation, Student community building",
      "indian_specific": "Regional language content, festival calendar integration"
    },
    "Week 2": {
      "focus": "Content & Regional SEO Launch",
      "activities": [
        "Publish 5 educational blog posts targeting JEE/NEET/Board exam keywords",
        "Launch YouTube channel with educational content in Hindi + English",
        "Begin Google Ads for high-intent education keywords",
        "Start WhatsApp broadcast campaigns to initial subscribers",
        "Implement mobile-first SEO optimization"
      ],
      "budget_allocation": "30% (₹2,14,200)",
      "expected_outcomes": "Regional search visibility, Educational content traction, Mobile user acquisition",
      "indian_specific": "Exam-focused content, mobile optimization, regional keyword targeting"
    },
    "Week 3": {
      "focus": "Scale & Student Engagement",
      "activities": [
        "Scale successful ad campaigns across Google + Facebook",
        "Launch college ambassador program in top 50 cities",
        "Create viral educational content for Instagram Reels",
        "Optimize for Indian payment gateways and pricing",
        "Send targeted WhatsApp messages for exam season"
      ],
      "budget_allocation": "35% (₹2,49,900)",
      "expected_outcomes": "Viral content reach, College partnerships, Payment gateway optimization",
      "indian_specific": "Ambassador program, payment localization, exam season campaigns"
    },
    "Week 4": {
      "focus": "Analysis & Festival Marketing",
      "activities": [
        "Comprehensive performance analysis across all channels",
        "A/B test regional language campaigns",
        "Plan festival marketing campaigns (Diwali, Dussehra, etc.)",
        "Optimize ad spend for maximum ROI in Indian context",
        "Develop next month's strategy with Indian market insights"
      ],
      "budget_allocation": "10% (₹71,400)",
      "expected_outcomes": "Data-driven regional insights, Festival marketing calendar, Optimized Indian campaigns",
      "indian_specific": "Festival marketing strategy, regional performance analysis"
    }
  },
  "tools": {
    "free_tools": [
      "Google Analytics (with Hindi support)",
      "Google Search Console",
      "WhatsApp Business (free tier)",
      "YouTube Studio",
      "Facebook Creator Studio",
      "Zoho Social (free plan)",
      "Canva (free with Indian templates)"
    ],
    "affordable_indian_tools": [
      "WebEngage (₹15,000/month) - Indian customer engagement",
      "Clevertap (₹12,000/month) - User analytics",
      "Shiprocket (₹2,000/month) - Logistics integration",
      "Razorpay Analytics (₹5,000/month) - Payment insights"
    ],
    "premium_tools": [
      "Ahrefs (₹8,300/month) - Better for Indian SEO",
      "Socialbakers (₹16,600/month) - Social media analytics",
      "Mailchimp (₹2,500/month) - Email marketing",
      "WhatsApp Business API (₹8,000/month setup)"
    ]
  },
  "financial_projections": {
    "month_1": {
      "customers": 250,
      "revenue": "₹1,24,750",
      "cac": "₹1,800",
      "ltv": "₹18,000",
      "note": "Higher user base due to lower pricing"
    },
    "month_3": {
      "customers": 850,
      "revenue": "₹4,24,150",
      "cac": "₹1,650",
      "ltv": "₹19,500",
      "note": "Strong growth in Tier 2/3 cities"
    },
    "month_6": {
      "customers": 2100,
      "revenue": "₹10,47,900",
      "cac": "₹1,400",
      "ltv": "₹21,000",
      "note": "Market leadership in affordable EdTech segment"
    }
  },
  "market_context": {
    "market_size": "₹62,275 crores (USD 7.5 billion) in 2024",
    "growth_rate": "28.7% CAGR",
    "key_platforms": [
      "WhatsApp (487.5M users)",
      "YouTube (250M users)",
      "Instagram (229.5M users)",
      "Facebook (366.8M users)"
    ],
    "competition": [
      "BYJU'S",
      "Unacademy",
      "Vedantu",
      "PhysicsWallah",
      "Toppr"
    ],
    "target_cities": [
      "Mumbai",
      "Delhi",
      "Bangalore",
      "Hyderabad",
      "Chennai",
      "Pune",
      "Kolkata",
      "Ahmedabad",
      "Jaipur",
      "Lucknow"
    ]
  }
}