{
  "startup_profile": {
    "company_name": "StudySync",
    "tagline": "AI-Powered Personalized Learning for Every Student",
    "industry": "EdTech",
    "target_audience": {
      "primary": "College students (18-24 years)",
      "secondary": "High school students (15-18 years)",
      "tertiary": "Adult learners and professionals"
    },
    "business_model": "Freemium SaaS",
    "revenue_streams": [
      "Premium subscriptions ($19.99/month)",
      "Institutional licenses",
      "AI tutoring add-ons",
      "Course marketplace commission"
    ],
    "funding_stage": "Seed (Recently raised $2M)",
    "team_size": 15,
    "monthly_budget": "$50,000",
    "marketing_budget": "$8,500 (17% of total budget)"
  },
  "budget_allocation": {
    "SEO & Content Marketing": {
      "amount": 2125,
      "percentage": 25,
      "priority": "High"
    },
    "Social Media Marketing": {
      "amount": 1700,
      "percentage": 20,
      "priority": "High"
    },
    "Paid Advertising": {
      "amount": 1530,
      "percentage": 18,
      "priority": "Medium"
    },
    "Email Marketing": {
      "amount": 1275,
      "percentage": 15,
      "priority": "Medium"
    },
    "Analytics & Tools": {
      "amount": 850,
      "percentage": 10,
      "priority": "High"
    },
    "Influencer & Partnerships": {
      "amount": 680,
      "percentage": 8,
      "priority": "Low"
    },
    "Experimental/Testing": {
      "amount": 340,
      "percentage": 4,
      "priority": "Medium"
    }
  },
  "kpis": {
    "SEO & Content Marketing": {
      "primary_kpis": [
        "Organic Traffic Growth",
        "Keyword Rankings",
        "Content Engagement"
      ],
      "targets": [
        "25% MoM growth",
        "Top 10 for 50 keywords",
        "3min avg. time on page"
      ],
      "tools": [
        "Google Analytics",
        "SEMrush",
        "Google Search Console"
      ]
    },
    "Social Media Marketing": {
      "primary_kpis": [
        "Engagement Rate",
        "Follower Growth",
        "Brand Mentions"
      ],
      "targets": [
        "4.5% avg engagement",
        "15% MoM growth",
        "100 mentions/month"
      ],
      "tools": [
        "Hootsuite",
        "Sprout Social",
        "Brand24"
      ]
    },
    "Paid Advertising": {
      "primary_kpis": [
        "CAC",
        "ROAS",
        "CTR"
      ],
      "targets": [
        "<$50 CAC",
        "4:1 ROAS",
        "2.5% CTR"
      ],
      "tools": [
        "Google Ads",
        "Facebook Ads Manager",
        "Microsoft Clarity"
      ]
    },
    "Email Marketing": {
      "primary_kpis": [
        "Open Rate",
        "Click Rate",
        "Conversion Rate"
      ],
      "targets": [
        "25% open rate",
        "3.5% click rate",
        "8% conversion"
      ],
      "tools": [
        "Loops",
        "Campaign Monitor",
        "Mixpanel"
      ]
    }
  },
  "implementation_plan": {
    "Week 1": {
      "focus": "Foundation & Setup",
      "activities": [
        "Set up Google Analytics & Search Console",
        "Create social media profiles on key platforms",
        "Launch content calendar with 5 blog posts",
        "Set up email marketing automation",
        "Begin influencer outreach"
      ],
      "budget_allocation": "25%",
      "expected_outcomes": "Analytics setup, Content foundation, Initial audience building"
    },
    "Week 2": {
      "focus": "Content & SEO Launch",
      "activities": [
        "Publish 3 high-value educational blog posts",
        "Launch social media content strategy",
        "Begin Google Ads campaign (small budget)",
        "Send welcome email series to initial subscribers",
        "Conduct keyword research and on-page optimization"
      ],
      "budget_allocation": "30%",
      "expected_outcomes": "First organic traffic, Social engagement, Email list growth"
    },
    "Week 3": {
      "focus": "Paid Acquisition & Optimization",
      "activities": [
        "Scale successful ad campaigns",
        "Launch student ambassador program",
        "Create user-generated content campaigns",
        "Optimize landing pages based on data",
        "Send targeted promotional emails"
      ],
      "budget_allocation": "35%",
      "expected_outcomes": "Improved conversion rates, Brand awareness growth, Lead generation"
    },
    "Week 4": {
      "focus": "Analysis & Scaling",
      "activities": [
        "Comprehensive performance analysis",
        "A/B test email campaigns",
        "Scale best-performing content types",
        "Optimize ad spend based on ROAS",
        "Plan next month's strategy"
      ],
      "budget_allocation": "10%",
      "expected_outcomes": "Data-driven insights, Optimized campaigns, Strategic roadmap"
    }
  }
}